{"0": {"name": "湖北大学", "X": 114.340713, "Y": 30.58292, "time": 0.0, "score": 4.4}, "1": {"name": "首义公园", "X": 114.320165, "Y": 30.547674, "time": 21.716666666666665, "score": 4.5}, "2": {"name": "昙华林", "X": 114.315578, "Y": 30.557656, "time": 26.233333333333334, "score": 4.3}, "3": {"name": "宝通禅寺", "X": 114.347202, "Y": 30.538026, "time": 26.466666666666665, "score": 4.5}, "4": {"name": "解放公园", "X": 114.304546, "Y": 30.614185, "time": 28.083333333333332, "score": 4.7}, "5": {"name": "国货商场旧址", "X": 114.296684, "Y": 30.58743, "time": 28.95, "score": 3.0}, "6": {"name": "汉口水塔", "X": 114.296693, "Y": 30.584657, "time": 29.983333333333334, "score": 4.5}, "7": {"name": "紫阳公园", "X": 114.311781, "Y": 30.536059, "time": 30.6, "score": 4.4}, "8": {"name": "武汉园博园", "X": 114.222347, "Y": 30.632221, "time": 30.883333333333333, "score": 4.6}, "9": {"name": "吴佩孚公馆旧址", "X": 114.296916, "Y": 30.590487, "time": 30.95, "score": 4.6}, "10": {"name": "宋庆龄汉口旧居纪念馆", "X": 114.308773, "Y": 30.592172, "time": 31.05, "score": 4.9}, "11": {"name": "黎黄陂路街头博物馆", "X": 114.308826, "Y": 30.592207, "time": 31.05, "score": 4.7}, "12": {"name": "汉口里", "X": 114.231369, "Y": 30.626129, "time": 31.25, "score": 4.5}, "13": {"name": "武汉美术馆", "X": 114.299543, "Y": 30.58978, "time": 31.483333333333334, "score": 4.4}, "14": {"name": "武汉杜莎夫人蜡像馆", "X": 114.350992, "Y": 30.561264, "time": 32.016666666666666, "score": 4.6}, "15": {"name": "汉口江滩", "X": 114.324321, "Y": 30.613846, "time": 32.083333333333336, "score": 4.6}, "16": {"name": "武汉自由时刻体育公园", "X": 114.360803, "Y": 30.581241, "time": 33.13333333333333, "score": 4.6}, "17": {"name": "辛亥革命博物馆", "X": 114.312357, "Y": 30.542703, "time": 33.36666666666667, "score": 4.4}, "18": {"name": "武汉二七纪念馆", "X": 114.330712, "Y": 30.64069, "time": 33.38333333333333, "score": 4.8}, "19": {"name": "武昌江滩", "X": 114.308665, "Y": 30.564553, "time": 33.78333333333333, "score": 4.4}, "20": {"name": "宝岛公园", "X": 114.290888, "Y": 30.603562, "time": 33.93333333333333, "score": 4.4}, "21": {"name": "首善堂", "X": 114.305489, "Y": 30.593532, "time": 34.2, "score": 4.5}, "22": {"name": "济生路电话分局旧址", "X": 114.286698, "Y": 30.582471, "time": 34.583333333333336, "score": 5.0}, "23": {"name": "辛亥革命武昌起义纪念馆", "X": 114.312911, "Y": 30.547866, "time": 34.7, "score": 0.0}, "24": {"name": "知音号服务中心", "X": 114.317119, "Y": 30.602596, "time": 35.03333333333333, "score": 0.0}, "25": {"name": "江汉关博物馆", "X": 114.30403, "Y": 30.581695, "time": 35.583333333333336, "score": 4.7}, "26": {"name": "江汉关大楼旧址", "X": 114.304163, "Y": 30.582065, "time": 35.65, "score": 4.6}, "27": {"name": "玛雅海滩水公园", "X": 114.403582, "Y": 30.601424, "time": 35.65, "score": 4.5}, "28": {"name": "湖北美术馆", "X": 114.371902, "Y": 30.570295, "time": 36.38333333333333, "score": 4.4}, "29": {"name": "黄鹤楼", "X": 114.309043, "Y": 30.550317, "time": 36.71666666666667, "score": 4.5}, "30": {"name": "黄鹤楼公园", "X": 114.312194, "Y": 30.549265, "time": 36.81666666666667, "score": 4.4}, "31": {"name": "首义广场", "X": 114.312126, "Y": 30.543105, "time": 36.833333333333336, "score": 4.3}, "32": {"name": "平和打包厂旧址", "X": 114.304258, "Y": 30.58793, "time": 36.86666666666667, "score": 0.0}, "33": {"name": "武昌城市公园", "X": 114.326784, "Y": 30.53068, "time": 36.96666666666667, "score": 3.5}, "34": {"name": "武汉博物馆", "X": 114.263081, "Y": 30.617735, "time": 37.0, "score": 4.6}, "35": {"name": "八七会议会址纪念馆", "X": 114.306376, "Y": 30.592243, "time": 37.583333333333336, "score": 4.4}, "36": {"name": "武汉科学技术馆(新馆)", "X": 114.306519, "Y": 30.584887, "time": 37.68333333333333, "score": 3.7}, "37": {"name": "堤角公园", "X": 114.344703, "Y": 30.667607, "time": 38.21666666666667, "score": 4.7}, "38": {"name": "湖北省博物馆", "X": 114.371879, "Y": 30.567828, "time": 38.81666666666667, "score": 4.6}, "39": {"name": "汉阳公园", "X": 114.275846, "Y": 30.556796, "time": 39.016666666666666, "score": 4.5}, "40": {"name": "汉口江滩芦苇荡", "X": 114.323223, "Y": 30.611724, "time": 39.3, "score": 4.7}, "41": {"name": "东湖生态旅游风景区-梨园", "X": 114.381562, "Y": 30.580049, "time": 39.65, "score": 4.6}, "42": {"name": "武汉革命博物馆", "X": 114.306917, "Y": 30.559296, "time": 39.81666666666667, "score": 4.6}, "43": {"name": "合美术馆", "X": 114.330573, "Y": 30.47614, "time": 40.06666666666667, "score": 4.0}, "44": {"name": "武昌廉政文化公园", "X": 114.306432, "Y": 30.556278, "time": 40.18333333333333, "score": 4.5}, "45": {"name": "汉阳江滩", "X": 114.286939, "Y": 30.553138, "time": 40.35, "score": 4.6}, "46": {"name": "古德寺", "X": 114.314118, "Y": 30.624312, "time": 40.45, "score": 4.5}, "47": {"name": "硚口公园", "X": 114.263404, "Y": 30.576552, "time": 41.5, "score": 4.5}, "48": {"name": "汉阳造广告创意园", "X": 114.274014, "Y": 30.561859, "time": 41.95, "score": 3.0}, "49": {"name": "维佳童话镇", "X": 114.37462, "Y": 30.600035, "time": 42.18333333333333, "score": 4.0}, "50": {"name": "汉阳树", "X": 114.277296, "Y": 30.553814, "time": 42.55, "score": 4.6}, "51": {"name": "中共五大会址纪念馆", "X": 114.3053, "Y": 30.556493, "time": 42.583333333333336, "score": 5.0}, "52": {"name": "武汉江滩", "X": 114.311104, "Y": 30.591177, "time": 42.916666666666664, "score": 3.0}, "53": {"name": "毛泽东同志旧居", "X": 114.305815, "Y": 30.556688, "time": 43.166666666666664, "score": 0.0}, "54": {"name": "武汉长江大桥建成纪念碑", "X": 114.300509, "Y": 30.552037, "time": 43.35, "score": 4.6}, "55": {"name": "龟山风景区", "X": 114.274523, "Y": 30.560653, "time": 43.516666666666666, "score": 4.5}, "56": {"name": "归元禅寺", "X": 114.265693, "Y": 30.551579, "time": 44.88333333333333, "score": 4.5}, "57": {"name": "武汉东湖海洋乐园", "X": 114.386792, "Y": 30.580246, "time": 45.083333333333336, "score": 4.6}, "58": {"name": "武汉国际博览中心-B馆", "X": 114.248893, "Y": 30.515665, "time": 47.03333333333333, "score": 4.8}, "59": {"name": "常青公园", "X": 114.244426, "Y": 30.626637, "time": 47.38333333333333, "score": 4.5}, "60": {"name": "东湖生态旅游风景区", "X": 114.420005, "Y": 30.557869, "time": 48.416666666666664, "score": 4.5}, "61": {"name": "谭鑫培公园", "X": 114.330318, "Y": 30.375272, "time": 48.56666666666667, "score": 4.5}, "62": {"name": "张之洞与武汉博物馆", "X": 114.249395, "Y": 30.566294, "time": 49.95, "score": 4.6}, "63": {"name": "东湖生态旅游风景区-听涛景区", "X": 114.381692, "Y": 30.573998, "time": 50.31666666666667, "score": 4.7}, "64": {"name": "武汉动物园", "X": 114.248496, "Y": 30.548359, "time": 51.4, "score": 4.5}, "65": {"name": "武汉欢乐谷", "X": 114.399429, "Y": 30.59723, "time": 51.68333333333333, "score": 4.7}, "66": {"name": "武汉海昌极地海洋公园", "X": 114.285069, "Y": 30.67007, "time": 51.78333333333333, "score": 4.7}, "67": {"name": "梵高星空艺术馆", "X": 114.195923, "Y": 30.539707, "time": 51.9, "score": 0.0}, "68": {"name": "莲花湖公园", "X": 114.284529, "Y": 30.55679, "time": 51.96666666666667, "score": 3.8}, "69": {"name": "和平公园", "X": 114.392493, "Y": 30.640541, "time": 52.38333333333333, "score": 4.3}, "70": {"name": "多莫大教堂", "X": 114.413194, "Y": 30.508348, "time": 52.61666666666667, "score": 4.5}, "71": {"name": "金银湖国家城市湿地公园", "X": 114.193838, "Y": 30.647263, "time": 53.0, "score": 4.7}, "72": {"name": "万林艺术博物馆", "X": 114.369636, "Y": 30.542966, "time": 53.9, "score": 4.3}, "73": {"name": "青山公园", "X": 114.414695, "Y": 30.643937, "time": 54.666666666666664, "score": 4.7}, "74": {"name": "盘龙城国家考古遗址公园", "X": 114.275858, "Y": 30.700211, "time": 55.03333333333333, "score": 4.7}, "75": {"name": "武汉大学樱园", "X": 114.369037, "Y": 30.545372, "time": 55.416666666666664, "score": 0.0}, "76": {"name": "公园家", "X": 114.404496, "Y": 30.630262, "time": 55.5, "score": 0.0}, "77": {"name": "晴川阁景区", "X": 114.291314, "Y": 30.561284, "time": 56.016666666666666, "score": 4.6}, "78": {"name": "首地云梦台", "X": 114.294876, "Y": 30.660439, "time": 56.666666666666664, "score": 5.0}, "79": {"name": "星空失恋博物馆", "X": 114.41587, "Y": 30.506961, "time": 57.05, "score": 1.5}, "80": {"name": "武汉国际会议中心", "X": 114.250672, "Y": 30.5122, "time": 57.483333333333334, "score": 4.2}, "81": {"name": "墨水湖公园", "X": 114.221244, "Y": 30.554838, "time": 59.95, "score": 4.3}, "82": {"name": "中国地质大学逸夫博物馆", "X": 114.40699, "Y": 30.523685, "time": 60.03333333333333, "score": 4.7}, "83": {"name": "武汉28街",